message,Feedback on last response,output,flag,username,timestamp
Hey there,Thumbs Down,Agent stopped due to iteration limit or time limit.,,,2023-06-29 19:36:28.252470
Hey there,Thumbs Up,"""Hi there! How can I help you?""",,,2023-06-29 19:36:51.408889
hello,Agent stopped due to iteration limit or time limit.,,,2023-06-29 19:39:43.156800
,,,,2023-06-30 10:25:49.977907
,,,,2023-06-30 10:25:51.149827
,,,,2023-06-30 10:25:53.141337
"why?
",It is not possible to answer this question without more information.,,,2023-06-30 10:27:13.740275
/Users/iansotnek/Documents/projects/Git_stuff/FlyChain/flychain/flagged/message/tmpc0b9zkhk.json,,,,,2023-06-30 10:41:15.268552
